subject	Label				
Tralci fitomorfi	1				
I sette dei della fortuna	1				
adorazione dei Re Magi	1				
incredulità di san Tommaso	1				
scena mitologica	1				
san Girolamo	1				
madonna con bambino	1				
Sacra Famiglia	1				
ritratto d'uomo, Ritratto di Giuseppe Garibaldi	1				
Stemma Francescano	1				
P. D. Giambattista Comjno	1				
Transito della Madonna	1				
MOTIVI DECORATIVI VEGETALI	1				
Mosè salvato dalle acque; Il ritrovamento di Mosè	1				
trofeo di armi con elmo	1				
Fiori, Dalie	1				
Trinità e Angeli	1				
morte di Adone	1				
san Giuseppe e Gesù Bambino	1				
TRIONFO DELLA MORTE	1				
San Francesco d'Assisi riceve le stimmate	1				
contadina su asino	1				
Ecce Homo	1				
Ritratto di padre Francesco da Meda	1				
PAESAGGIO	1				
adorazione dei pastori	1				
ritratto di Costante Rebucci	1				
Clemente VIII Aldobrandini si reca alle Marmore	1				
giovane donna	1				
Angelo Custode	1				
Personaggi: Isacco; Rebecca; giovane.	0				
Ritratto di Cardinale	1				
battaglia	1				
Soggetti sacri: disputa di Gesù con i dottori nel tempio.	0				
Personaggi: Madonna; Gesù Bambino; Sant'Anna; San Giuseppe; San Sebastiano; San Rocco.	0				
Natura morta	1				
Trinità	1				
Madonna Assunta con angeli	1				
Madonna con Bambino e angeli	1				
Personaggi: Madonna; Santa Teresa d'Avila; San Giuseppe; Gesu' Bambino. Attributi: (Santa Teresa) freccia; collana. Attributi: (San Giuseppe) verga fiorita.Abbigliamento religioso: abito carmelitano. Figure: angeli. Oggetti: spilla; candelabro; cartagloria; tovaglia d'altare; cuscino d'altare; cilicio; disciplina.	0				
fiumi	1				
Personaggi: Madonna; Gesu' Bambino; San Giuseppe. Figure: angeli.	0				
Personaggi: Cristo alla colonna. Attributi: (Cristo alla colonna) colonna; corona di spine; sudario.	0				
Martirio di San Sebastiano	1				
Personaggi: Madonna; Gesù Bambino; San Giuseppe; SanGiovannino. Attributi: (San Giovannino) croce; pelleanimale.	0				
Angeli musicanti	1				
Santa Maria Maddalena portata in cielo dagli angeli	1				
Fiori	1				
Bacco e arianna	1				
Sigismondo imperatore incorona a Chambery Amedeo VIII primo duca di Savoia	0				
ritratto di Pietro Sitta	1				
Dio Padre	1				
CRISTO RISORTO CHE ABBRACCIA LA CROCE	1				
Sant' Agostino	1				
scena campestre	1				
Sacro cuore di Gesù	1				
GIARDINO	1				
ritratto di Arturo Conti	1				
Paesaggio lacustre	1				
Animali	1				
costumi orientali	1				
Orazione di Cristo nell'orto di Getsemani	1				
ritratto di Andrea Giovine	1				
Ritratto d'uomo	1				
annunciazione	1				
Isacco sul letto benedice Giacobbe travestito con le vesti di Esau'	0				
ritratto d'uomo, Ritratto di Ferdinando duca d'Alba in corazza e Toson d'Oro	0				
volatili e animali con vegetazione orientaleggiante	1				
PAESAGGIO CON PASTORI	1				
ritratto di Filippo III	1				
Gentiluomo	1				
Natura morta con fiori	1				
San Marco Evangelista	1				
paesaggio, paesaggio sulla via di Camaldoli	1				
Madonna con Bambino con San Francesco, San Girolamo, Santa Elisabetta e un devoto	0				
SPERANZA	1				
busto di giovane	1				
annunciazione, Annunciazione	1				
cane, Studio di cane	1				
Presentazione di Gesù al Tempio, Presentazione di Gesù Bambino al tempio	0				
ritratto d'uomo, Rolando Pallavicino	1				
Adorazione dei Magi	1				
Il muratore	1				
Ritorno dalla caccia	1				
Corse di cavalli	1				
Pastorella del Vesuvio	1				
Personaggi: papa Clemente VII. Vesti ecclesiastiche: mozzetta; camauro. Oggetti: sedia; tappeto; mappa; tendaggio.	0				
ALLEGORIA DELLA MUSICA	1				
SAN FRANCESCO D'ASSISI IN PREGHIERA	1				
Kannon, Kannon dalle mille braccia	1				
Paesaggio marino, Tramonto sul mare	1				
santi	1				
san Matteo e l'angelo	1				
Sant'Andrea condotto al martirio	1				
Cristo morto	1				
Incontro di San Nilo con l'imperatore Ottone III	1				
decapitazione di San Bartolomeo	1				
Assunzione della madonna	1				
Personaggi: Madonna; Gesù Bambino; San Giovannino; San Benedetto; San Bernardo; San Francesco d'Assisi. Costruzioni. Abbigliamento religioso. Figure: angeli. Insegne ecclesiastiche: pastorale; mitria.	0				
morte di San Romoaldo	1				
Madonna col Bambino fra i santi Lorenzo e Gervasio e trasporto del Volto Santo sullo sfondo	0				
Personaggi: Madonna; GesÃ¹ Bambino; San Giorgio; San Giuseppe; San Giovanni Evangelista; San Sebastiano. Attributi: (San Giorgio) armatura; drago; libro; (San Giovanni Evangelista) piccola croce; (San Sebastiano) albero; frecce.	0				
Madonna con Bambino e santi	1				
Personaggi: Danae. Figure: fantessa; putti.	0				
Personaggi: Sant'Ansano; San Gabriele arcangelo; Madonna; Santa Massima; Geremia; Ezechiele; Isaia; Daniele. Figure: cherubini. Abbigliamento: all'antica. Attributi: (Sant'Ansano) vessillo; palma. Attributi: (San Gabriele arcangelo) ramoscello d'ulivo; corona d'ulivo; gigli. Attributi: (Santa Giulitta) croce astile; palma. Oggetti: vaso; libro; sedia; drappeggio; cartigli. Simboli: (Spirito Santo) colomba.	0				
Madonna con Bambino in trono e angeli	1				
Soggetti profani. Ritratti. Figure maschili: uomo con capelli baffi e barba bianchi. Abbigliamento: cappa; cappello.	0				
Soggetti sacri. Personaggi: Sant'Anna; Madonna; Bambino Gesù; Giovacchino. Figure femminili: ancelle. Abbigliamento: all'antica; contemporaneo. Interno. Architetture: pavimento marmoreo a riquadri; scalinata; soffitto a cassettoni; finestre; porte. Oggetti: cesti; letto; sedile; gioiello; tende; cuscino; coperte. Animali: cane. Vegetali: melagrana.	0				
Soggetti profani. Ritratti. Personaggi: Bernardo Dovizi; mezza figura; seduto; di tre quarti a sinistra; mani. Abbigliamento: mozzetta con bottoni binati; cappuccio; maniche ampie; berretta clericale. Oggetti: anelli; lettera.	0				
Soggetti profani. Personaggi: Cloto; Lachesi; Atropo. Abbigliamento: all'antica . Attributi: (Parche) forbici; fuso.	0				
MARTIRIO DI SAN BARTOLOMEO	1				
Soggetti profani. Paesaggi: bosco. Figure: Diogene filosofo.	0				
Veduta di Napoli con Castel Sant'Elmo	1				
guerriero in armatura recante uno scudo	1				
RITRATTO DI CARLO FELICE DI SAVOIA	1				
deposizione di Cristo nel sepolcro	1				
ritratto di donna, Ritratto della fidanzata a 14 anni	1				
ritratto d'uomo, Giuseppe Spina	1				
ritratto di donna	1				
La Battaglia di Legnano	1				
Morte di San Giuseppe	1				
motivi decorativi a grottesche	1				
Motivi decorativi geometrici e vegetali stilizzati	1				
battesimo di Cristo	1				
Personaggi: Madonna; Gesù bambino.	0				
Personaggi: San Giovanni Battista.	0				
Annunciazione con angeli e committenti	1				
Figura astratta	0				
Soggetti sacri: Sant'Ambrogio assolve l'imperatore Teodosio.	0				
Soggetti sacri: cena in casa di Simone il fariseo.	0				
Soggetti sacri: nascita di Maria Vergine. Personaggi: Sant'Anna; Maria Verhine. Figure: donne.	0				
Ritratto di pontefice	1				
Paesaggi. Animali: pecore. Figure: fanciulla; pastore.	0				
Madonna Addolorata	1				
ritratto di ecclesiastico	1				
Ritratti: Giuseppe Asclepi. Abbigliamento religioso. Oggetti: fogli; libro; penna; sfera armillare; termometro; zucchetta. Mobilia: sedia; tavolo.	0				
Personaggi: Giuseppe Garibaldi. Abbigliamento. Oggetti: clarino; anello.	0				
Personaggi: beato Amedeo d Savoia. Figure: angeli; cherubini. Abbigliamento: abito; cappa di ermellino. Interno. Mobilia: tavolo. Elementi architettonici: colonna. Oggetti: spada; lapide; libro; Sindone.	0				
Paesaggi: mare. Mezzi di trasporto: piroscafo. Fenomeni metereologici: tempesta.	1				
testa d'uomo con barba	1				
figura femminile con bambino in braccio	0				
Paesaggio montano	1				
motivi decorativi geometrici	1				
Personaggi: santi.	0				
personaggi: Madonna.	0				
circoncisione di Gesù Bambino	1				
veduta di città	1				
Santo Vescovo	1				
Paesaggi.	1				
Personaggi: Cristo; San Giovanni Battista; Dio Padre. Attributi: (San Giovanni Battista) ciotola battesimale. Figure: Angeli. Simboli: colomba dello Spirito Santo. Fiumi: Giordano.	0				
Paesaggi. Figure.	0				
TENTAZIONI DI SANT'ANTONIO ABATE	1				
Personaggi: Annibale di Saluzzo. Abbigliamento: abbigliamento militare.	0				
ritratto dei figli di Tommaso di Savoia	1				
ritratto di Annibale di Saluzzo	1				
Madonna con Bambino e San Francesco	1				
Personaggi: Madonna; Gesù Bambino; San Giovanni Battista.	0				
Personaggi: Madonna; Ges˘ Bambino; San Giovannino. Attributi: (San Giovannino) vello di cammello. Paesaggi.	0				
Personaggi: Gesù Bambino; Madonna; S. Giuseppe. Figure: angelo. Animali: asino.	0				
SAN GIOVANNI BATTISTA	1				
DEPOSIZIONE DI CRISTO DALLA CROCE	1				
Il dipinto con la Madonna in trono e Gesù Bambino fa parte delle cinque tavole del polittico di San Gregorio, ripartito su due livelli. L’immagine è raffigurata nel pannello centrale, in basso.La Regina Coeli, siede su un semplice trono ed ha sul capo scoperto una corona di rose sorretta da angeli in volo. Sulle sue ginocchia Gesù Bambino, nudo, reca al collo un rametto di corallo e stringe nella mano sinistra una mela e con l'altra prende alcune ciliegie offerte dalla Madre. La Santa Vergine indossa abiti lussuosi, delineati secondo la moda del tempo, come il rosso corpetto damascato che emerge da una tunica rosacea e l'ampio manto blu decorato a fiori di melograno incisi e lumeggiati in oro, riscoperti nel recente restauro.Il trono poggia su di una pedana mistilinea aggettante verso lo spettatore, da cui pende una collana di trentotto granati. Accanto alla collana è dipinto un cartiglio con la firma dell'autore e la data 1473.Tutte le figure comprese quelle dei pannelli laterali con San Benedetto e San Gregorio sono collocate in uno spazio unitario, anche se il fondo dorato di ideologia arcaica e forse voluto dalla committenza, non limita affatto la sensazione di profondità, resa veritiera da una luce vibrante che trascolora sulle pietre squadrate di un muretto movimentando la fissità della scena. Altri espedienti di unificazione sono utilizzati dall’autore per dare continuità alla raffigurazione del livello inferiore, quali il manto della vergine allungato nel pannello con San Benedetto a destra, la pedana mistilinea posta su di un basamento a gradoni rettilineo che si propagano ambedue nei due pannelli laterali.La cornice, non più esistente e presumibilmente in legno intagliato e dorato, contribuiva ulteriormente ad unificare il complesso svolgimento della sacra rappresentazione, racchiudendo le tavole in un unico apparato. L’intelaiatura decorativa, infatti, non incorniciava singolarmente i pannelli ma serviva per arricchire e supportare realisticamente gli elementi architettonici, dipinti con straordinari effetti prospettici, in modo tale da far sembrare le immagini superiori inserite veramente in un piano sovrastante, entro ipotetiche finestre.	0				
Il dipinto con San Gregorio Magno fa parte delle cinque tavole del polittico di San Gregorio, ripartito su due livelli. L’immagine è raffigurata nel pannello inferiore di sinistra, mentre sulla parte opposta è rappresentata quella di San Benedetto. Le suore benedettine vollero così esplicitamente manifestare la loro devozione verso i due Santi connessi alla loro vita monastica: San Benedetto fondatore dell’ordine e San Gregorio del monastero. Il polittico fu commissionato dalla badessa suor Fabia Cirino, il cui arme gentilizio della importante famiglia di appartenenza è visibile in basso nel pannello con San Gregorio Magno.Le figure dei due Santi sono lievemente orientate verso l’icona centrale, raffigurante la Madonna in trono con Gesù Bambino, e rievocano nel geometrico panneggio della cotta l’impostazione di due salde colonne scanalate. Il paramento liturgico e gli attributi iconografici del triregno papale e del pastorale definiscono l’eminenza ecclesiale di Papa San Gregorio Magno. L’immagine è caratterizzata da una ricercata ricchezza del decoro prezioso, evidente nella sontuosa casula in tessuto serico damascato, nei gioielli del triregno e nella composizione del pastorale dal nodo architettonico in argento dorato.La granitica posizione del Santo è movimentata dalla fuoriuscita della punta del piede dalla pedana di appoggio, che insieme ad altri singolari espedienti prospettici danno una tangibile sensazione di realismo. Tutte le figure sono collocate in uno spazio unitario, anche se il fondo dorato di ideologia arcaica e forse voluto dalla committenza, non limita affatto la sensazione di profondità resa veritiera da una luce vibrante che trascolora sulle pietre di un muretto in mattoni movimentando la fissità della scena. La cornice, non più esistente e presumibilmente in legno intagliato e dorato, contribuiva ulteriormente ad unificare il complesso svolgimento della sacra rappresentazione, racchiudendo le tavole in un unico apparato. L’intelaiatura decorativa, infatti, era stata progettata anche per supportare realisticamente l'architettura, dipinta con straordinari effetti prospettici. La firma dell'autore e la data 1473 si rilevano entro un cartiglio posto nel pannello centrale, in basso.	0				
Crocifissione	1				
ritratto di Papa Paolo III	1				
Ritratto di Pier Luigi Farnese	1				
ciociari	1				
Personaggi: S. Giovanni Battista. Attributi: (S. Giovanni Battista) bastone; agnello.	0				
Personaggi: Gesù; S. Giovanni Battista; Madonna; S. Gioacchino; S. Elisabetta; S. Anna. Attributi: (S. Giovanni Battista) croce; (S. Gioacchino) barba bianca; bastone; sfera.	0				
RITRATTO FEMMINILE	1				
Paesaggio campestre	1				
Figure geometriche, Geometric painting	0				
Composizione astratta, figure geometriche	0				
Paesaggio con animali	1				
Contadini in festa	1				
ritratto di Giovanni Michele Asinari di Virle	1				
ritratto di Carlo di Savoia	1				
il Redentore; gli Evangelisti e i padri della Chiesa	1				
Martirio di Santo Stefano protomartire	1				
stemma di Carpi	1				
Ritratto di Giovanni Pico di Alessandro II	1				
Figure: Fama; Eternità. Attributi: (Eternità) serpe; (Fama) tromba. Oggetti: corona; mascherone.	0				
Personaggi: Maria Vergine; Gesù Bambino; S. Giuseppe; re Magi. Figure: angeli; fanciulli. Animali: bue; asino. Oggetti: corone; vasetti; spada. Architetture: capanna; pilastro.	0				
VEDUTA DEL PALAZZO DEGLI ANZIANI E DELLA TORRE	1				
martirio di San Pietro Martire	1				
paesaggio con contadine, Campagna con figure	0				
natura morta con frutta e paesaggio, Natura morta con uva, anguria e paesaggio	0				
la persecuzione dei Greci, La persecuzione dei Greci	1				
Giochi per intrattenersi	1				
testa di santa	1				
Chiesa antica	1				
figura femminile, Donna negra	0				
Eremita	1				
motivi decorativi vegetali a palmette	1				
occhio divino	1				
Quattro stagioni	1				
contadina, Cloe	1				
FIGURA FEMMINILE CON DROMEDARIO	0				
Santa Monaca	1				
Arcangelo Gabriele in trono	1				
ritratto di giovane donna	1				
Salome con la testa di San Giovanni Battista sul piatto	1				
RESURREZIONE DI CRISTO	1				
MADONNA CON BAMBINO E SAN GIOVANNINO	1				
MOTIVI DECORATIVI	1				
Angioletto	1				
Imbarco da Venezia di Marcantonio Colonna con le truppe alleate	1				
Natura morta con frutta	1				
Testa di donna	1				
Personaggi: San Sebastiano.	0				
Veduta	1				
personaggi: San Pietro	0				
PERSONAGGI : CRISTO	0				
scena di battaglia, Fasti Farnesiani	1				
Cristo benedice i fanciulli, Cristo benedice i fanciulli alla presenza degli Apostoli	0				
veduta di Villa d'Orri in Sardegna	1				
ritratto di Papa Pio VI	1				
luci sul canale	1				
Cristo tra gli apostoli	1				
Allegoria della Vittoria come aquila	1				
ritratto di Maria Caterina d'Este	1				
ritratto di Amedeo V di Savoia	1				
ritratto d'uomo, Ritratto del cardinale G.B. De Luca	1				
incoronazione di spine	1				
Architettura illusionistica	1				
Soggetti sacri. Personaggi: Enoch; Elia; Apostoli; Madonna; Arcangelo Gabriele; Gesù Cristo; San Pietro apostolo. Figure maschili: frati. Figure: beati; angeli; cherubini; dannati. Paesaggi. Oggetti: trombe. Simboli della passione.	0				
ritratto virile	1				
Santo monaco	1				
Presentazione di Maria Vergine al tempio	1				
San Francesco di Paola guarisce un infante	1				
ritratto di donna, Ritratto di giovane donna	1				
Cristo in pietà sorretto da angeli	1				
GLORIA DI ANGELI	1				
Paesaggio fluviale	1				
Personaggi: Gesù Cristo; San Giovanni Evangelista; San Giuseppe d'Arimatea.	0				
Personaggi: Gesù Bambino; Madonna; San Giuseppe; San Simeone. Figure femminili. Figure maschili. Figure: angeli.	0				
Personaggi: certosino. Oggetti: penna; calamaio; lettera.	0				
Il viatico del povero	1				
CRISTO CROCIFISSO TRIONFANTE	1				
Personaggi: San Benedetto; Santa Scolastica; Gesù Cristo; Dio Padre. Simboli: Colomba Spirito Santo. Figure: angelo; cherubini. Attributi: (S. Benedetto) pastorale. Attributi: (S. Scolastica) giglio. Abbigliamento religioso. Simboli del martirio: croce.	0				
VISITAZIONE	1				
storie di eremiti	1				
Personaggi: Santa Maria Maddalena; Gesù Bambino; Madonna; Santa Caterina d'Alessandria. Figure: angeli. Abbigliamento: all'antica. Attributi: (Santa Maria Maddalena) vaso per unguenti. Attributi: (Santa Caterina d'Alessandria) corona. Oggetti: vasi; turiboli; navicelle; trono. Simboli: (anima umana) cardellino. Vegetali: fiori. Araldica: scudo araldico.	0				
Ezechiele ha la visione della valle delle ossa inaridite	1				
santa Caterina d'Alessandria	1				
veduta di Montebuono Sabino, A MONTEBUONO SABINO	1				
allegoria della Patria	1				
Federico Barbarossa cacciato da Alessandria, L'Imperatore Federico Barbarossa, durante il lungo assedio di Alessandria, avendo tentato d'impadronirsi per sorpresa della città, ne viene cacciato dal popolo (1174)	0				
sacrificio di Ifigenia	1				
BUSTO DI GIUNONE	1				
CRISTO	1				
Madonna con Gesù Bambino, san Floriano,san Domenico,san Petronio,san Procolo e un angelo che mostra una veduta di Bologna	0				
Stazioni della Via Crucis	1				
PIATTO CON FRUTTI	1				
divinità	1				
tramonto	1				
PAESAGGIO MARINO	1				
stazione VII: gesù cade sotto la croce la seconda volta	1				
figura maschile, Guardia Belgiorno	0				
malinconia	1				
Madonna del Buon Consiglio	1				
ascensione di Cristo	1				
CRISTO BENEDICENTE	1				
Personaggi: Madonna; Gesu' Bambino.	0				
San Gabriele Arcangelo	1				
Soggetti sacri: banchetto di Erode.	0				
Personaggi: San Paolo. Attributi: (San Paolo) libro.	0				
Sant'Agostino e altri personaggi	0				
Personaggi: Madonna; Gesù bambino. Figure: angeli.	0				
RITRATTI : GIUSEPPE GARIBALDI	1				
Figure: giovane; donna. Abbigliamento. Oggetti: cappello piumato; bicchiere; piatti; forchetta; coltello; tovaglia; tovagliolo; pane; torta.	0				
Ritratto di Papa	1				
Decorazioni: motivi geometrici; cerchi.	1				
Cristo portacroce	1				
Architetture: Interno del transetto della chiesa di S. Ignazio a Roma.	0				
COMPIANTO SU CRISTO MORTO	1				
Personaggi: Alessandro Magno. Guerrieri: soldati. Paesaggi. Mezzi di trasporto: carri.	0				
Poro assalito dai soldati macedoni	1				
Tritoni in lotta	1				
MADONNA IN TRONO CON BAMBINO	1				
Personaggi: figura maschile.	0				
Personaggi: Gesù Bambino; Sant'Antonio. Figure: angeli.	0				
Personaggi: Madonna; Gesù Bambino. Figure: angeli; confratelli.	0				
Miracolo della Madonna	1				
Personaggi: frate domenicano. Figure: indemoniati; astanti.	0				
Natività di Gesù	1				
David con la testa di Golia	1				
Personaggi: Gesù Bambino; Madonna; S. Giuseppe. Attributi: (Gesù Bambino) aureola; mangiatoia; (Madonna) veste rosa; manto azzurro; (S. Giuseppe) verga fiorita. Figure: angeli; pastori. Animali: bue; pennuti.	0				
Personaggi: Venere, Marte, Amorini. Attributi (Venere) nudità, amorini (Marte) corazza, calzari, spada, lancia, elmo, scudo. Paesaggio: bucolico con la presenza di frutti in primo piano. Animali: cavallo, colombe tubanti.	0				
Vegetali: frutta; fiori. Animali: insetti; rettile; lumache.	1				
nettuno	1				
Personaggi: Madonna; Gesù Bambino. Figure: Uomo. Architetture. Paesaggi.	0				
Personaggi: Madonna; Gesù Bambino. Figure: Uomo; donna; bambino. Oggetti: Culla.	0				
soggetto assente	1				
Motivi decorativi vegetali; Motivi decorativi geometrici	1				
Battaglia di cavalleria	1				
Incoronazione di Maria Vergine	1				
MADONNA DEL ROSARIO CON SAN DOMENICO E SANTA CATERINA DA SIENA	0				
Ritratto del cardinale Girolamo Bernieri	1				
personaggi: Cristo; San Giovanni Battista; astanti. personificazione: (Spirito Santo)colomba. abbigliamento: (Cristo) veste candida. paesaggio: fiume	0				
"Il dipinto raffigura i ""carusi"	 cosÃ¬ venivano indicati i ragazzi impiegati nel duro lavoro nelle zolfatare siciliane	 allâ_x0080__x0099_uscita del pozzo minerario. Sono curvi sotto il peso schiacciante dei sacchi di zolfo sulle spalle. Sono emersi dal buio infernale della miniera e camminano in fila accecati da una luce intensa. Uno dei ragazzi	 sulla sinistra Ã¨ accasciato per terra	" vinto dalla fatica."""	0
La prateria è lambita dalle acque di un lago. Al centro della scena è raffigurato un alto frondoso albero e alcuni bovini al pascolo. Il quadro è chiuso in basso da una roccia.	0				
PAESAGGIO CON CONTADINE	1				
Personaggi: Maddonna; Ges˘ Bambino.Figure: angeli	0				
Soggetti profani: Danae e la pioggia d'oro.Personaggi: Danae, Cupido, Giove	0				
Sant'Antonio da Padova con il bambino, Gesù con Sant'Antonio e gloria di Angeli	0				
pie donne al sepolcro, Le Marie	1				
Testa di donna, Testa di donna	1				
San Sebastiano	1				
ritratto di Carlo Felice re di Sardegna	1				
ritratto di Manfredo di Saluzzo	1				
visita di Carlo Felice sul lago Maggiore	1				
L'espugnazione di Bona	1				
ritratto di vecchio	1				
ritratto di Francesco Farnese	1				
RITRATTO DI ELREDO CAPELLI	1				
ritratto di Ranuccio II Farnese	1				
RITRATTO DI SALOMONE TEDESCHI	1				
RITRATTO DI MARGHERITA DE'MADICI	1				
Figura femminile	0				
NOZZE DI CANA	1				
Madonna Immacolata e Santi	1				
Sant'Agnese	1				
San Giuseppe e Gesu' Bambino	1				
Scena familiare	1				
Processione	1				
ULISSE	1				
San Vincenzo Ferrer	1				
Composizione di forme e segni liberi, Con presenze illusorie	1				
Andata di Cristo al Calvario	1				
Santa Chiara d'Assisi in gloria	1				
Sant'Andrea	1				
dodici cavalieri dell'Apocalisse	1				
Matrimonio mistico di santa Caterina d'Alessandria	1				
PAESAGGIO LAGUNARE	1				
ritratto di Giulia Clary con le figlie Zenaide e Carlotta	1				
Morte del soldato	1				
Madonna immacolata	1				
episodi della vita di San Francesco d'Assisi, San Francesco dona la regola dell'ordine alla chiesa di Dio	0				
busto femminile	1				
FIGURE ALLEGORICHE	0				
Marte e simboli vari	1				
Cattura di Cristo	1				
testa di vecchio	1				
Soggetti sacri: Cristo crocifisso e santi. Personaggi: Cristo crocefisso; Madonna; San Giovanni Evangelista; Santa Chiara; Sant'Antonio da Padova. Figure: santi.	0				
Personaggi: Cristo; Nicodemo; Giuseppe d'Arimatea; San Giovanni Evangelista; San Pietro Apostolo; Santa Maria Maddalena; Madonna; Pie donne. Paesaggi.	0				
allegoria della religione	1				
assedio di Nizza	1				
Vedute: golfo di Napoli. Mezzi di trasporto: velieri. Architetture: castello.	1				
Composizione astratta, figure geometriche	0				
presentazione di Gesù al tempio	1				
figura maschile	0				
SAN MICHELE ARCANGELO	1				
Animali: anatre; lepre.	1				
Personaggi: Madonna; Gesu' Bambino; San Giuseppe; Magi. Figure: angeli; astanti. Animali: cammello. Oggetti:turbante; ombrellino processionale.	0				
Laocoonte	1				
Figure femminili, figure maschili e animali	0				
pietà	1				
angelo	1				
paesaggio con alberi	1				
Le sfogliatrici	1				
Morte di santa Caterina da Siena	1				
Paesaggio fantastico	1				
Comunione degli apostoli	1				
motivi decorativi vegetali e animali	1				
STRAGE DEGLI INNOCENTI	1				
Soggetti sacri. Personaggi: Sant'Antonino (?) ; San Tommaso D'Aquino; SanGiovanni Evangelista; San Bernardo da Chiaravalle; San Giovannini Battista bambino; Madonna; Gesù Bambino; Sant' Anna Metterza; Trinita'; Santa Reparata; San Zanobi; San Barnaba (?); Sant' Andrea Corsini (?). Figure maschili: santi. Figure: angeli; cherubini. Abbigliamento: all'antica; contemporaneo. Oggetti: libri; croce astile; palma; pastorale; ostensorio; giglio stendardo; strumenti musicali. Architetture: gradini; nicchia.	0				
Scena di Caccia	1				
Nereidi e tritoni	1				
Ritrovamento di Mosé	1				
EDIFICI	1				
ritratto d'uomo, Ritratto di Cosimo de' Medici	1				
Sant'Antonino	1				
CRISTO CONSEGNA LE CHIAVI A SAN PIETRO	1				
Madonna con Bambino, angeli e monaci certosini che distribuiscono elemosina ai fanciulli bisognosi	0				
Personaggi: San Francesco d'Assisi. Abbigliamento religioso: saio; cordone. Figure: monaco.	0				
Personaggi: San Lorenzo. Figure maschili. Abbigliamento religioso. Suppellettili ecclesiastiche.	0				
veduta con casa di campagna e figure maschili che tendono una fune	0				
Personaggi: Cristo. Strumenti del martirio: braccio orizzontale della Croce. Simboli della passione: sepolcro; copertura del sepolcro.	0				
Madonna della Cintola con San Lorenzo, San Tommaso e San Francesco	0				
Madonna col Bambino	1				
Trinità con San Benedetto e San Giovanni Gualberto	1				
apparizione di Cristo risorto a Santa Maria Maddalena	1				
SAN CARLO BORROMEO IN PREGHIERA	1				
elementi decorativi	1				
angeli adoranti il calice eucaristico	1				
fiori, Fiori	1				
cristo crocifisso	1				
sant'Antonio da Padova	1				
nevicata	1				
cavallo	1				
vaso di fiori	1				
ritratto di Pietro da Eboli	1				
atrio del Duomo di Salerno	1				
Personaggi: Alessandro Magno; Iaddo. Ecclesiastici: sacerdoti. Guerrieri: greci. Figure. Vedute.	0				
Personaggi: Alessandro Magno. Mezzi di trasporto: carro. Guerrieri: soldati. Figure: paggio. Animali: pantera; leone; cavallo. Vegetali: fronde di ulivo.	0				
Vaso con fiori	1				
Animali: levriero. Oggetti: collare.	0				
San Pietro liberato dal carcere da un angelo	1				
Personaggi: Madonna, Gesù Bambino.Attributi: falce di luna.Figure: testine alate	0				
Personaggi: Madonna; Gesù Bambino. Figure maschili.	0				
Personaggi: Madonna; Gesù Bambino. Figure: Uomini. Oggetti: Letto.	0				
MADONNA ORANTE	1				
Giuditta e Oloferne	1				
Personaggi: S. Vincenzo Ferrer. Attributi: (S. Vincenzo Ferreri ) abiti domenicani; libro.	0				
PAESAGGIO RURALE	1				
crocifissione di Cristo con la Madonna e San Giovanni evangelista	1				
dama con paggio	1				
veduta del bacino di San Marco a Venezia	1				
riposo durante il ritorno dall'Egitto	1				
Il crescente interesse per lâ_x0080__x0099_architettura medievale nel secondo Ottocento, spinse molti artisti di questo periodo a prediligere come soggetto il suggestivo chiostro voluto dal re normanno Ruggero II. A seguito della soppressione delle corporazioni religiose, esso divenne monumento nazionale. Il quadro raffigura un lato di esso, su cui fronde e piante rampicanti proiettano ombre. Una giovane madre tiene alto il bambino con le manine protese verso i rami.	0				
Il fiume Ciane dalle rive popolate da fitti papiri è percorso da una barca su cui spiccano tre figure indistinte	0				
Il paesaggio è rivestito di un luminoso colore oro, punteggiato da rocce e alberi, segnato da un sentiero che si snoda in direzione di un gruppo di case. Sullo sfondo i monti, le cui vette sono celate da masse di nubi.	0				
imperatore in trionfo, Il trionfo di un imperatore romano	1				
Santa Maria Maddalena, Santa Maria Maddalena	1				
Scorcio di uno studio, ritratto riflesso su vetro, ringhiera esterna, The artist reflected at sun down	0				
Donna azteca raffigurata a mezzo busto, sfondo geometrico., Aztec woman	0				
autoritratto di Luigi Bracchi	1				
paesaggio lacustre con pittore	1				
PAESAGGIO CON TORRENTE	1				
San Michele Arcangelo scaccia gli angeli ribelli dal Paradiso	1				
MARINA CON PESCATORI E BARCHE	1				
Sacra Famiglia con Sant'Antonio da Padova	1				
Ritratto del cavaliere Acquaviva	1				
attività ed episodi miracolosi di San Francesco Saverio	1				
paesaggio marino, Veduta da Villa Ruspoli in Sorrento	1				
ricevimento in casa di un dignitario cinese, Dignitario cinese che riceve in casa un altro dignitario	0				
NASCITA DI MARIA VERGINE	1				
Santa Margherita da Cortona	1				
Compianto sul Cristo morto	1				
angelo con cornucopia	1				
santo francescano	1				
ritratto di fanciullo, Ritratto di giovanetto (del figlio ?)	1				
figure maschili, Studio di teste	0				
Tralci e grappoli d'uva	1				
ultima cena	1				
Mazzo di fiori	1				
Giuseppe in carcere interpreta i sogni del coppiere e del panettiere, Giuseppe in carcere interpreta i sogni del coppiere e del panettiere	0				
Bambù	1				
Daikoku	1				
Bambù e passeri	1				
COLOMBA DELLO SPIRITO SANTO	1				
SACRA FAMIGLIA CON SANT'ANNA	1				
passaggio del Mar Rosso	1				
Giobbe sul letamaio	1				
San Luigi Gonzaga	1				
Ritratto di Giovan Battista Giovio	1				
natività di Gesù; natività	1				
ritratto di Ferdinando II di Borbone	1				
Madonna con Bambino e santi, Madonna Sistina	1				
ritratto d'uomo, Cavaliere in corazza e parruccone	1				
San Francesco di Paola attraversa lo stretto di Messina sul suo mantello	0				
morte di S. Francesco d'Assisi	1				
trionfo della Fede	1				
SANTA LUCIA	1				
SCENA DI GENERE	1				
San Girolamo nel deserto	1				
scena di battaglia	1				
sacra famiglia con san Giovanni battista bambino	1				
Personaggi: figure femminili; figura maschile; bambino.	0				
Personaggi: figura maschile; figura femminile.	0				
Personaggi: figure maschili; soldati; fanti.	0				
Figure: Santo apostolo.	0				
Personaggi: don paolo Giordano duca di Bracciano.	0				
Soggetti profani: vergine Tuccia dimostra la propria innocenza.	0				
Personaggi: Madonna; Bambino; Sant'Antonio da Padova; San Leonardo. Attributi: (Madonna) gigli; corona; (Sant'Antonio da Padova) libro; cuore ardente; (San Leonardo) libro; ceppi. Figure: angeli. Oggetti: trono.	0				
Paesaggi: marina. Figure: pescatori.	0				
Personaggi: Sant'Ignazio di Loyola.	0				
Ritratto di Andrea Palladio	1				
Soggetti profani: Cristo flagellato alla colonna.	0				
Soggetti sacri: Miracolo delle rose. Personaggi: San Nicola da Tolentino; Santa Elisabetta d'Ungheria; Ludovico di Turingia. Architetture: castello di Wartburg.	0				
Oggetti: cesto. Animali: colomba.	0				
Architetture. Figure.	0				
Personaggi: Cerere. Animali fantastici: fauno. Attributi: (Cerere) calice fumante; fascio di spighe. Figure: amorini; contadini.	0				
Paesaggio di case e figura umana	0				
Personaggi: S. Giovanni Evangelista. Attributi: (S. Giovanni Evangelista) calice.	0				
allegoria della virtù	1				
figure: angeli	0				
BACIO DI GIUDA	1				
san Rocco	1				
Ritratti: Fanny Martinelli. Interno.	1				
ARCHITETTURA	1				
veduta di Moncalieri, Veduta della piazza di Moncalieri in giorno di mercato	0				
allegoria delle scienze naturali	1				
ritratto di Papa Clemente XIV	1				
San Giuseppe	1				
Fede e Speranza	1				
allegoria dell'inverno	1				
FIGURA	0				
autoritratto di Giuseppe Bonolis	1				
SAN TOMMASO D'AQUINO	1				
PAESAGGIO CON FIGURE	0				
Personaggi: Sant'Anna; Maria neonata; diverse inservienti; uomini; bambini eangeli. Animali: cane. Architetture: tempietto classico; soffitto a cassettoni;arco. Oggetti: culla; letto a baldacchino; brocche; asciugamani; cesta.	0				
Personaggi: Ercole; Onfale; Cupido. Figure: donne; servo negro; bambini. A bbigliamento: contemporaneo. Interno. Architetture: pilastri; colonne scan alate; capitelli; archi; portali. Paesaggi. Oggetti: tendaggi; tavola; ces tino; vaso; torta; biancheria; fusi; sgabello; forbici; clava; gioielli; b ottiglia; calice. Vegetali: fiori; alberi. Animali: gatto; cane; uccello. Animali fantastici: idra. Attributi: (Cupido) arco; freccia.	0				
stemma gentilizio della famiglia Medici	1				
Francesco Giuseppe I, Ritratto dell'imperatore Francesco Giuseppe I d'Asburgo Lorena	1				
elementi decorativi con fucili, elmetto e stella; elementi decorativi con bandiere; elementi decorativi con ghirlanda	0				
elementi decorativi con fucili incrociati; decorazioni a cornice con fasci littori	0				
ritratto di Maria Carolina di Savoia	1				
vendita all'asta	1				
Cristo caccia i mercanti dal tempio, La cacciata dei Mercanti dal tempio	0				
Crocifissione di Cristo	1				
Paesaggio con rovine	1				
San Gerolamo	1				
SANTA CECILIA	1				
MOSE'E IL SERPENTE DI BRONZO	1				
San Giovannino con l'agnello	1				
Santa Maria Maddalena	1				
Madonna con Bambino, San Giorgio e San Pasquale Baylon	1				
MOTIVI DECORATIVI FLOREALI	1				
Soggetti sacri: storie della natività di Gesù.	0				
Soggetti sacri: battesimo di Cristo.	0				
Personaggi: Madonna; Gesù Bambino; San Francesco; San Bernardino da Siena. Figure: angeli; serafini; confrati della confraternita della Giustizia; c ittadini. Vedute: città di Perugia.	0				
Paesaggio con alberi e case	1				
Stufa da cucina con stoviglie, gatto che dorme.	1				
Figure: uomo con barba.	0				
Personaggi: Margherita di Savoia. Abbigliamento: manto di ermellino. Oggetti: diadema; collane.	0				
apparizione di San Michele Arcangelo sulla Mole Adriana	1				
COLOSSEO	1				
Festino degli dei	1				
RIPOSO NELLA FUGA IN EGITTO	1				
Ritratto di bambino	1				
putto	1				
testa di baccante	1				
Personaggi: Alessandro Magno. Decorazioni: festoni di frutta; testa leonina; creature marine. Guerrieri: soldati. Elementi architettonici: altari.	0				
Divinità minori: Psiche; Consuetudo; Tristitia; Sollicitudo. Divinità: Venere. Figure.	0				
CONTADINI	1				
Personaggi: Madonna; Gesù Bambino. Figure maschili. Figure femminili. Oggetti: Letto.	0				
Personaggi: Madonna; Gesù Bambino. Figure maschili. Oggetti: Letto.	0				
Personaggi: Madonna; Gesù Bambino. Figure: Uomo; donna. Oggetti: Letto.	0				
Personaggi: Madonna; Gesù Bambino. Figure: Uomo. Oggetti: Letto.	0				
San Biagio	1				
Personaggi: Gesu' Bambino. Attributi: (Gesu' Bambino) croce; globo terrestre. Animali: serpente.	0				
Personaggi: San Giuseppe; Gesù Bambino.	0				
Composizione astratta	1				
santa Chiara	1				
Sacra Famiglia con San Giovannino e Sant'Elisabetta, La Sacra Famiglia con Sant'Elisabetta e San Giovannino	0				
San Girolamo, San Girolamo	1				
San Vincenzo di Saragozza	1				
allegoria della Giustizia, allegoria della Giustizia (Giustizia Farnese)	1				
stemma gentilizio della famiglia Barberini	1				
Rappresentazione astratta con figura maschile e bicicletta, The bicycle boy	0				
Veduta del ponte di Rialto a Venezia	1				
donna che prega, In manus tuas commendo spiritum meum	1				
SAN GREGORIO	1				
Santa Chiara, Santa Chiara	1				
Madonna assunta	1				
ritratto di Maria Carolina d'Austria	1				
paesaggio con alberi, Un bosco	1				
bozzetto per il monumento a Manfredo Fanti	1				
l'inverno	1				
Paesaggio con pastore e gregge	1				
Giuditta decapita Oloferne	1				
ritratto d'uomo, Ritratto del feldmaresciallo Julius von Heynau	1				
scena di vita campestre, Alla fontana	1				
Buddha	1				
Contadine che riposano	1				
ritratto di Domenicano	1				
ritratto di Leopoldo II d'Asburgo-Lorena	1				
allegoria dell'Inverno e dell'Estate	1				
grottesche	1				
ritratto di dama	1				
San Cristoforo guada il fiume con Gesu' Bambino sulle spalle	1				
SANTA TERESA D'AVILA	1				
Immacolata concezione	1				
Natura morta con cacciagione	1				
ritratto di musicista	1				
natura morta con fiori e frutta	1				
fuga in Egitto	1				
cane	1				
Testa d'uomo di profilo	1				
Ritratto	1				
Animali: cavallo. Figure: buttero. Paesaggi: paesaggio rurale.	0				
pesci	1				
adorazione dell'Eucaristia	1				
Flagellazione di Cristo	1				
Animali: cani; cinghiali.	1				
Personaggi: Cristo	0				
Personaggi: Madonna, Gesù Bambino,San Carlo Borromeo, San Francesco d'Assisi. Figure: putti	0				
Assunzione della Madonna, Assunzione di Maria	1				
Rebecca al pozzo	1				
autoritratto di Mario Avallone	1				
motivi decorativi vegetali con uccelli	1				
David ammonito da Nathan	1				
allegoria dell'amore materno	1				
venditore di verdura	1				
Elia resuscita il figlio della vedova di Sarepta	1				
Santa Elisabetta regina del Portogallo	1				
Soggetti sacri. Personaggi: San Giovanni Battista; San Miniato; San Tommaso; Madonna; San Francesco di Assisi; San Giacomo Maggiore. Figure: serafini. Abbigliamento: all'antica. Oggetti: croce astile; corona; palma; libro; croce; bastone da pellegrino; sepolcro; cintola. Paesaggi. Vegetali: fiori.	0				
Pentecoste	1				
Una donna spartana porge lo scudo al figlio	1				
paesaggio con cascata	1				
CRISTO RISORTO	1				
San Girolamo in meditazione	1				
San Tommaso da Villanova distibuisce l'elemosina ai poveri	1				
Martirio di san Lorenzo	1				
FEDE	1				
Personaggi: Giuseppe Bonolis. Abbigliamento.	0				
Personaggi: don Giovanni VeritÃ . Architetture.	0				
figure femminili in paesaggio urbano	0				
Animali: bovi.	1				
Il riconoscimento di Cristo da parte dei discepoli di San Giovanni Battista	0				
San Gaetano col Bambino Gesù	1				
scena campestre con figure	0				
motivi decorativi a volute	1				
TROFEO DI GUERRA	1				
architetture	1				
ingresso di re Vittorio Emanuele a Salerno	1				
Lettura	1				
RATTO DI ELENA	1				
Attilio Regolo costetto a entrare nella botte	1				
Sagome di soldati	1				
Donna seduta, prato, alberi	1				
figura femminile sdraiata	0				
Personaggi: Cristo.	0				
Apparizione di Gesù Bambino a Sant'Antonio da Padova	1				
Personaggi: Madonna; Gesu' Bambino; angeli. Elementi architettonici: lesena; mensole; portale; finestra; travi. Attributi: (Gesu' Bambino) corallo; rosa bianca. Oggetti: cesto di vimini; panno di lino bianco; scatola cilindrica; (angeli) perla; collana di perle.	0				
Personaggi: Madonna; Gesu' Bambino; S. Francesco; S. Pietro; S. Paolo; S. Giovanni Battista. Attributi: (S. Francesco) stigmate; libro; (S. Francesco) stigmate; (S. Pietro) chiavi; (S. Paolo) spada; (S. Giovanni Battista) croce. Elementi architettonici: trono. Oggetti: panneggio. Vegetali: alberi morti.	0				
Madonna con Bambino in trono con San Giovanni Battista, San Francesco, SanGirolamo e San SebastianoGirolamo e San Sebastiano	0				
Personaggi: Cristo Salvatore. Attributi: (Cristo Salvatore) globo con croce; aureola.e; aureola.	0				
Personaggi: Gesù Cristo morto; angeli. Attributi: (Gesù Cristo) corona di spine; aureola. Elementi architettonici: base.spine; aureola. Elementi architettonici: base.	0				
Donna con paesaggio meridionale	1				
Personaggi: Giovanni Battista. Attributi: (Giovanni Battista) Croce con cartiglio recante la scritta	0				
San Francesco di Paola dona i ceri al conte d'Arena	1				
Santi Pietro e Paolo	1				
scena familiare, Ritratto della famiglia di Massimiliano I	1				
paesaggio notturno	1				
MADONNA CON BAMBINO DORMIENTE	1				
Santa Caterina d'AlesSandria, Santa Caterina d'Alessandria	1				
Madonna con Bambino, La Vergine col Bambino	1				
riposo durante il ritorno dall'Egitto, Riposo in Egitto	1				
San Carlo Borromeo	1				
Veduta archeologica astratta, Canale Monterano	1				
fiori e fagiani	1				
Ritratto di donna, Ritratto di nobil donna	1				
ritratto di uomo	1				
Giudizio di Salomone	1				
Madonna in trono con Bambino e santi	1				
Tobiolo e l'angelo	1				
ritratto d'uomo, autoritratto	1				
Carità	1				
motivi decorativi geometrici a losanga	1				
Sacra Famiglia a Nazaret, Sacra Famiglia con Santo ignoto	1				
ritratto d'uomo, ritratto maschile	1				
battesimo di Cristo, Il Battesimo di Gesù	1				
MARIA VITTORIA DELLA ROVERE CON IL FIGLIO COSIMO III	1				
Personaggi: Abramo; Isacco. Figure: angelo. Oggetti: coltello; braciere; legna. Animali: ariete. Vegetali: zucca.	0				
Personaggi: Maria Vergine; GesÃ¹ Bambino. Frutti: ciliegie.	0				
Personaggi: Prometeo. Oggetti: statua d'argilla; fiaccola; piedistallo.	0				
Storie della vita di Alessandro Magno / angioletti con insegne papali / emblema	0				
Manovra militare, Manovra militare al Campo di Marte di Caserta	1				
motivi decorativi architettonici	1				
testa di leone	1				
Ritratto di Francesco Pacini	1				
Scena raffigurante un'automobile che travolge una fanciulla	0				
Figura allegorica femminile dolente inginocchiata ai piedi della croce	0				
Ritratto di Eugenia Puccinelli Tolomei	1				
Angelo in atteggiamento meditativo con ghirlanda di fiori	1				
paesaggio con buoi, buoi in Maremma	1				
Omaggio a d'Annunzio	1				
Presentazione di Gesu' al Tempio	1				
Sant' Antonio da Padova con il Bambino	1				
Madonna del Rosario	1				
Giudizio Universale	1				
una chioccia e quattro pulcini	1				
Aurora	1				
Santa Caterina, Sant'Apollonia, Sant'Agata, Sant'Anna, San Gioacchino, San Giovanni Battista, Cristo, la Vergine, San Giuseppe, Santa Barbara, Santa Lucia, Santa Maria Maddalena	0				
figure femminili, Donne che lavorano	0				
Santa Caterina da Siena	1				
MARINA CON BARCHE	1				
motivi decorativi architettonici e geometrici	1				
SACRO CUORE DI MARIA	1				
Ritratto di papa Clemente XI	1				
Madonna con Bambino e Santa Francesca Romana	1				
martirio di San Gennaro	1				
Madonna del Carmelo	1				
ritratto d'uomo di profilo	1				
Gesù Bambino	1				
santo	1				
CRISTO CADE SOTTO LA CROCE	1				
partenza per Canaan	1				
Fiera nel Campo di Marte	1				
Spaccato della Camera di San Paolo	1				
Addio di Anchise al figlio Enea e alla Sibilla Deifobe alle porte dell'Averno	0				
donna col costume di Frattura	1				
ANGELO ANNUNCIANTE	1				
Madonna col Bambino e san giovannino	1				
Disputa sul sangue di Cristo	1				
Papa Sisto IV stabilisce un reparto per il ricovero dei nobili decaduti	0				
pittura	1				
Madonna della Vallicella con San Filippo Neri	1				
sacra famiglia con San Giovannino	1				
Deposizione	1				
vescovo	1				
prospettiva di una cupola	1				
autoritratto di Annibale Carracci	1				
adozione dei pastori	1				
San Luca evangelista	1				
stazione I: Gesù condannato a morte	1				
stazione XIV: Gesù deposto nel sepolcro	1				
Madonna del Latte	1				
ritratto d'uomo, Vittorio Emanuele III	1				
CORNICE ARCHITETTONICA CON MOTIVI DECORATIVI E FIGURE	0				
simbolo di San Giovanni Evangelista: aquila	1				
figura femminile allegorica	0				
Mascherone	1				
Sant'Agostino	1				
angeli reggicartiglio	1				
SAN GIACOMO MINORE	1				
SAN PAOLO	1				
Madonna in trono con Bambino e Santi, Madonna in trono col Bambino e angeli fra i santi Gregorio, Girolamo, Ambr ogio e Agostino	0				
ritratto di Bia de' Medici	1				
PENELOPE AL TELAIO	1				
San Giovanni evangelista	1				
ritratto d'uomo, Ritratto di procuratore	1				
Profeti	1				
Frate	1				
MOTIVI DECORATIVI VEGETALI STILIZZATI	1				
Croce	1				
Madonna con Bambino, Madonna delle Grazie	1				
Tigre	1				
wrangka	1				
flora	1				
Giuseppe II d'Austria	1				
San Matteo e l'angelo (?)	1				
Pianta	1				
pozzo in campagna	1				
Soldato di Cristo	1				
ORSO	1				
San Riccardo emerge dalla nube con gesto benedicente rivolto ad un cieco	0				
Geremia	1				
carta da gioco: Nove di spade, I Tarocchi Brambilla: Nove di Spade	0				
carta da gioco: Ruota della Fortuna, I Tarocchi Brambilla: Donna della Fortuna (o la Ruota della Fortuna)	0				
scena biblica, Mosè salvato dalle acque	1				
motivo decorativo floreale	1				
ritratto di uomo in nerpo con berretto	1				
Madonna con angeli	1				
Ritratto di Lorenzo de' Medici	1				
Ritratto di Maria Maddalena d'Austria	1				
Luciano Manara	1				
Conversione di San Paolo	1				
Sant'Antonio Abate	1				
stemmi gentilizi	1				
Figura di soldato con allegoria della Vittoria	0				
Incoronazione di Maria Vergine con coro di angeli musicanti	1				
Madonna del Sacro Cuore con angeli	1				
Ritratto di Ignazio Giorgi	1				
ritratto del pittore Emilio Donnini	1				
busto ritratto d'uomo panneggiato	1				
busto d'uomo in uniforme militare acefalo	1				
compianto delle donne al sepolcro	1				
busto maschile panneggiato acefalo	1				
Testa d'aquila	1				
testa ritratto di Matilde Bonaparte de Monfort	1				
paesaggio con case	1				
gentiluomo, Costume militare del secolo XV	1				
paesaggio, Tempo piovoso	1				
paesaggio, Sera d'autunno	1				
iscrizione	1				
Ritratto di donna, L'Arlesiana (Ritratto di M.me Ginoux)	1				
grottesche con figure e girali	0				
Presepio	1				
allegoria della pace	1				
Allegoria della vittoria	1				
Figura di soldato: fante	0				
spada entro ghirlanda	1				
sibilla	1				
SACRIFICIO DI ELIA SUL MONTE CARMELO	1				
Angeli in gloria	1				
motivi decorativi vegetali a festoni con nastri e putti	1				
Cristo e l' adultera	1				
figura femminile, Maria Adelaide	0				
Motivo decorativo	1				
paesaggio con architetture	1				
autoritratto	1				
studi di frati	1				
Miracolo di San Vincenzo Ferreri	1				
RITRATTO DI RANUCCIO I FARNESE	1				
conte Moreau de Saint Méry	1				
MINERVA	1				
culla	1				
MADONNA CON BAMBINO SANT'ANNA E SAN GIOVANNINO	1				
campo dopo la battaglia	1				
Vasi e fiori	1				
ingresso a Roma di Borso d'Este	1				
poeti alla fonte di Ippocrene	1				
imbarcazione cinese	1				
Episodi della Passione di Cristo	1				
Moltiplicazione dei pani e dei pesci	1				
MADONNA CON BAMBINO CON SAN FRANCESCO E SANTA CHIARA	1				
contadina con capre	1				
Personaggi: San Giovanni Battista, San Bernardino Da Siena. Abbigliamento: (San Giovanni Battista) veste scura di pelle, tunica bianca; (San Bernardino da Siena) abito francescano. Attributi: (S. Giovanni Battista): cartiglio; (San Bernardino da Siena) libro, monogramma IHS.	0				
San Benedetto	1				
Madonna con Bambino e Santi, La Madonna con Bambino e angelo tra San Domenico e Santa Caterina da Siena	0				
CAMPO DI BATTAGLIA	1				
Maria Vergine/ Santa Maria Maddalena/ Sant'Anna/ Santa Caterina d'Alessandria	1				
DAVID	1				
Dio Padre benedicente David	1				
iniziale decorata	1				
iniziali decorate	1				
Motivo decorativo vegetale	1				
crisantemi	1				
San Giovannino	1				
Ritratto di Vincenzo o Giuseppe Giani	1				
corteo di cavalieri macedoni	1				
visione di San Francesco d'Assisi	1				
Ritratto di priore	1				
Maria Carolina D'Asburgo-Lorena, Busto di Maria Carolina D'Asburgo-Lorena	1				
Allegoria del soldato come eroe antico	1				
Madonna	1				
Figura di soldato che porta la bandiera	0				
Allegoria della Vittoria che incorona un soldato morente	1				
motivo decorativo ad archi intrecciati; fiori di brionia e trifogli	1				
Santo Stefano e decorazioni	1				
stemma del cardinale Montalto	1				
Madonna della Quercia e Santi	1				
Maddalena	1				
imperatore romano	1				
motivo decorativo a foglia di quercia	1				
Ercole e Onfale	1				
Cucitura, Frontiera	1				
Leone cinese, drago e tigre	1				
Composizione di colore, Per Silvio	1				
Allegoria del sacrificio del soldato per la Patria	1				
CRISTO E LA SAMARITANA	1				
San Leonardo e San Rocco, San Leonardo e San Rocco	1				
Madonna in trono e San Rocco, Madonna in trono e San Rocco	0				
San Rocco, San Rocco	1				
Santo, Santo	1				
santo domenicano	1				
Mosè salvato dalle acque	1				
Figure femminili	0				
Lotta di galli	1				
Salomone e la regina di Saba	1				
stemma	1				
Leone	1				
San Bernardo, Episodio della vita di Bernardo Colleone	1				
FIORE	1				
FIGURA MASCHILE SEDUTA	0				
Danza di Salome'	1				
SAN CAMILLO DE' LELLIS RICEVE OFFERTE DA UN NOBILE	1				
san Lorenzo	1				
Angeli	1				
allegoria della fertilità della terra	1				
stemma dell'ordine francescano	1				
Giovane	1				
motivi decorativi vegetali con putti alati	1				
Volto di Cristo	1				
ASSENTE	1				
Congedo dalla famiglia	1				
Ercole uccide il drago Ladone	1				
martirio di San Bernardo d'Alsazia	1				
motivo decorativo zoomorfo	1				
DANIELE NELLA FOSSA DEI LEONI	1				
ascensione di Cristo, ascensione di Cristo	1				
la partenza del Bucintoro per San Nicolò del Lido il giorno dell'Ascensione, L'arrivo della Regina di Cipro	0				
fiori e motivi decorativi vegetali	1				
Santa Maria Maddalena penitente	1				
Amida	1				
Allegoria della Morte del Soldato	1				
Elemento decorativo, Sfera con volute	1				
"lettera ""S"",1
""lettera ""I"",1
""lettera ""N"" (?)"	1				
Ritratto, Medaglione ritratto di Horatio F. Brown	1				
Tre figure, La Sacra Famiglia	0				
figura di soldato: alpino	0				
MARTE	1				
Teti presenta Achille al tempio	1				
GIOVE	1				
motivi decorativi vegetali e figure orientaleggianti	0				
busto maschile	1				
motivi architettonici a trompe l'oeil/ motivi decorativi a fusarole/ a per le	0				
veduta della prima sede dei giuristi	1				
Cristo e l'adultera	1				
testa di cherubino	1				
allegoria della Letteratura	1				
Baccanale	1				
ritratto di Carlino Leoni	1				
Sant'Antonio appare in sogno ad una donna addormentata vicino a una sorgente	0				
Madonna con Bambino in trono tra santi	1				
Ritratto di Lodovico Gabrielli	1				
orti Garibaldi	1				
Ritratto di gentildonna	1				
veduta di Fossombrone, Il ponte intatto	1				
figura femminile seduta seminuda	0				
donna con bambino	1				
Cristo appare a San Pietro penitente in una caverna	1				
cherubino	1				
Cristo risorto tra angeli, Cristo risorto tra angeli	1				
STEMMA GENTILIZIO	1				
PUTTI REGGISTEMMA	1				
motivi decorativi vegetali con figure	0				
GIUSEPPE INTERPRETA I SOGNI DEL FARAONE	1				
SAN FRANCESCO D'ASSISI	1				
PUTTI	1				
Cena in Emmaus	1				
storie della vita di San Benedetto	1				
Perseo libera Andromeda	1				
simboli mariani	1				
Allegoria della Giustizia	1				
Motivo decorativo geometrico	1				
Filosofo	1				
veduta di citta	1				
FIGURE ALLEGORICHE FEMMINILI	0				
San Francesco d' Assisi	1				
soldato in combattimento	1				
Veduta della Valsassina, La Valsassina	1				
Dottor Balanzone	1				
Farfalle e fiori	1				
testa leonina	1				
raffigurazione simbolica e allegorica/ allegoria della Vittoria come aquila	0				
stelle	1				
Ritratto di giovane donna con ricche vesti e gioielli	1				
Ritratto di Abondio Lena Perpenti	1				
FIGURA DI ANZIANO, A ritroso nel tempo	0				
Cristo in croce e Santa Maria Maddalena	1				
SANT'ELENA	1				
putto con delfino	1				
ebbrezza di NoË	1				
angeli adoranti	1				
scena tratta dalla vità di Cornelio Silla	1				
cartiglio	1				
FIGURA ALLEGORICA FEMMINILE	0				
Scene mitologiche/ Parche/ motivi architettonici a trompe l'oeil/ festoni/ cartigli/ mascheroni	0				
busto di donna	1				
scena mitologica/ motivi decorativi a finti stucchi	1				
motivi decorativi a volute/ dentelli/ foglie d'acanto/ palmetta/ perle	1				
paesaggi con architetture, figure orientali e animali	0				
paesaggio con architettura cinese e uccelli	1				
motivi fitomorfi	1				
interno di casa patrizia	1				
Isaia	1				
SIMBOLO DI SAN MARCO: LEONE	1				
paesaggio con rudere	1				
Dio Padre benedicente	1				
cofano del sommergibile Bragadin	1				
Madonna con Bambino, San Giovannino e un angelo	1				
SACRA FAMIGLIA CON ANGELO	1				
Adamo ed Eva nel Paradiso Terrestre	1				
la predicazione di San Giovanni Battista	1				
Sant' Antonio	1				
stazione XI: Gesù inchiodato alla croce	1				
San Nicola da Tolentino celebra l'Eucaristia	1				
Testa d'uomo	1				
paesaggi con figure	0				
Allegoria dell'Autunno	1				
Motivi decorativi geometrici e vegetali	1				
Putto alato	1				
putti tra tralci e grappoli d'uva	1				
ritratto di Umberto I	1				
Musico	1				
SOLDATO	1				
leopardo	1				
Toro	1				
guarigione di una paralitica a tre viri	1				
VEDUTA DI UN PALAZZO	1				
motivi decorativi a finti tendaggi	1				
Stemma comunale	1				
stemmi delle contrade e dei rioni di Tivoli fra elementi vegetali	0				
Motivi decorativi a foglie d'acanto	1				
SAN MARTINO DONA PARTE DEL MANTELLO AL POVERO	1				
Gesù Bambino dormiente sulla croce	1				
Sacrificio di Isacco	1				
GESU' BAMBINO	1				
Soggetti sacri. Personaggi: Madonna; Dio Padre; San Bernardo degli Uberti; San Giovanni Gualberto; San Benedetto; San Michele arcangelo. Figure: angeli; angeli musicanti; cherubini. Paesaggi. Oggetti: libro; strumenti musicali.	0				
Cristo con i simboli della Passione, Madonna, San Domenico	1				
Soggetti sacri. Personaggi: Madonna; Gesù Bambino; Santi.	0				
motivi decorativi a palmette/ foglie/ intreccio	1				
linee di intreccio/ speculum sine macula/ stella maris	1				
SCENA BIBLICA	1				
ritratto di Carlo III di Spagna	1				
il soggetto dell'opera è un fanciullo	1				
Testa di Luigi Bracchi	1				
profeta	1				
aironi	1				
Santi/ Sante/ monache benedettine	1				
San Luigi di Francia	1				
San Pietro Apostolo	1				
Morte	1				
Carlo di Borbone dichiara guerra agli Austriaci, Carlo di Borbone dichiara guerra agli Austriaci	0				
busto dell'imperatore Ottone	1				
studi di animali	1				
Pitocchi in riposo nella campagna romana	1				
Veduta del Rio dei Mendicanti a Venezia	1				
San Nicola da Tolentino	1				
Ritratto maschile	1				
allegoria della Vittoria; figure di soldati in combattimento; allegoria del sacrificio del soldato per la Patria	0				
motivi decorativi vegetali a girali	1				
Venere	1				
RITRATTO DI DANTE ALIGHIERI	1				
Maschera funebre del Conte di Cavour	1				
partenza da Milamo di re Carlo Felice di Savoia, la partenza di re Carlo Felice da Milano allorchè accompagnò la principessa figlia di Vittorio Emanuele	0				
Uccelli	1				
Allegoria della primavera	1				
figura maschile con cavalli e serpenti	0				
busto ritratto d'uomo	1				
paesaggio fluviale con alberi; paesaggio con alberi	1				
Gesù Bambino e Santi	1				
Cristo crocifisso/ Deposizione/ Lamentazione/ Noli me tangere (tabellone sinistro)/ Visita delle pie donne al sepolcro/ Cena in Emmaus (tabellone destro)/ Maddalena e San Ranieri (ai piedi del Cristo).	0				
La Resurrezione di Lazzaro	1				
cristo salvatore	1				
Ippocampi	1				
mano con grappoli d'uva	1				
Danza di contadini	1				
SOLE	1				
autoritratto di Annibale Carracci, Autoritratto con figure	0				
Motivo decorativo vegetale.	1				
Motivi decorativi a volute e a raggiera	1				
paesaggio con viandanti e ponte	1				
motivi decorativi a girali vegetali	1				
teschio	1				
Sant'Antonio abate e san Paolo eremita nutriti da un corvo	1				
Diana cacciatrice (?)	1				
allegoria della Fede	1				
Madonna in trono con Bambino, Madonna del cardellino	1				
Santa Geltrude	1				
Madonna con bambino e i martiri palermitani	1				
Quattro evangelisti	1				
stanza da letto di Desdemona	1				
SAN PIETRO	1				
Estasi di santa Caterina da Siena	1				
interno di una sala di palazzo	1				
radura in un bosco	1				
San Paolo apostolo	1				
Esculapio	1				
paesaggio con pino e convento	1				
PAESAGGIO CON RUDERI	1				
fortezza	1				
Madonna con Gesù Bambino e angeli	1				
Reitulpe	1				
candelabro a sette braccia	1				
Imperatore Zemescis	1				
San Giovanni Berchmans	1				
SAN FILIPPO NERI	1				
Figure femminili: busto di profilo.Abbigliamento: cuffia	0				
busto di uomo	1				
Decorazioni: motivi decorativi vegetali a palmette, motivi decorativi a rosette	1				
Angeli con rose	1				
Personaggi: Cristo; Madonna; san Giovanni evangelista. Oggetti: croce.	0				
Personaggi: Madonna; Arcangelo Gabriele. Figure: angioletti; cherubino. Attributi: (Arcangelo Gabriele) giglio. Simboli: (Spirito santo) colomba. Oggetti: leggio. Fenomeni metereologici: nuvola.	0				
Soggetti sacri: madonna con bambino .Soggetti profani: devoto	0				
Vedute: Riva degli Schiavoni a Venezia	1				
Personaggi: Madonna: Gesù Bambino.	0				
Ritratti: signora Martelli.	1				
Ciclo di affreschi di casa Panigarola, Uomini d'arme	1				
Martirio di Santo	1				
TEMPO	1				
Stemma di Pio VII	1				
Dio Padre in gloria	1				
Dio Padre e cherubini	1				
Veduta fantastica	1				
allegoria di Barlaam	1				
MADONNA CON BAMBINO IN TRONO	1				
Apollo e Dafne	1				
papa Giovanni VI	1				
papa Clemente IV	1				
Personaggi: Sant'Ercolano.	0				
Ercole	1				
Vedute: Amelia: Porta Leone IV.	1				
Personaggi: Santa Caterina d'Alessandria; Sant'Antonio Abate.	0				
Personaggi: Cristo in gloria. Figure: cherubini.	0				
Crocifissione di s. Pietro	1				
figura maschile con clava	0				
BATTAGLIA NAVALE	1				
Personaggi: compianto su Cristo morto.	0				
episodio delle nozze di Elisabetta Farnese	1				
Personaggi: Ferdinando; Filippo Pasquale. Attributi: (Ferdinando) pianta di una fortezza. Oggetti: armatura.	0				
Personaggi: Maria Isabella.	0				
Personaggi: Elisabetta Farnese. Attributi: (Elisabetta Farnese) mantello d'ermellino; corona. Paesaggio.	0				
Architetture: atrio. Figure.	0				
Personaggi: Maria Giuseppa Carmela.	0				
Mare. Mezzi di trasporto: barche. Figure.	0				
Paesaggi. Architetture: case. Figure maschili. Laghi.	0				
San Domenico con Gesù Cristo e confrati	1				
Personaggi: Cristo; San Giovanni Battista. Attributi: (San Giovanni Battista) croce con cartiglio; ciotola battesimale. Figure: angeli. Paesaggi: paesaggio fluviale.	0				
Teoria di Santi	1				
Oggetti: culla.	0				
Paesaggi. Figure maschili. Figure femminili. Animali. Vegetali.	0				
Figure: reali.	0				
giuramento di Amedeo III di Savoia a Susa	1				
Allegorie-simboli: tempo che svela la Verità; gloria militare. Figure: putti. Armi: trofeo di armi.	0				
Soggetti profani: Gerusalemme liberata.	0				
Personaggi: Cerere. Attributi: (Cerere) modellino di citt‡. Figure: putti.	0				
Oggetti: cesto; fontana.	0				
Personaggi: Santa Cecilia; San Tiburzio. Figure: uomo; angelo.	0				
Tre saltatrici	1				
Personaggi: Madonna; Bambino; San Nicola di Bari; Profeta Elia; quattro angeli.	0				
calice	1				
S.Paolo	1				
Figure: donna. Abbigliamento: cappello; ventaglio.	0				
Figure: uomo.	0				
Noè e gli animali entrano nell'arca	1				
Personaggi: Mosè. Figure: popolo ebraico.	0				
oggetti: rete	0				
paesaggio - cielo	1				
paesaggio: cielo	1				
Mare	1				
RITRATTO DI GENTILUOMO	1				
oggetti: remi	0				
figure: bracciante	0				
oggetti: cassette	0				
oggetti: foglio	0				
volto di contadino	1				
San Fruttuoso	1				
elementi architettonici: scalinata	1				
paesaggio: costa	1				
motivi decorativi fitomorfi	1				
Decorazioni: motivi fitomorfi	1				
Salita di Cristo al monte Calvario	1				
Oggetti: calice	0				
Personaggi: Cristo. Figure: defunti; santi; angeli.	0				
Decorazioni: tralci di piante; fiori.	1				
Personaggi: San Francesco. Figure: cherubini. Oggetti: croce; teschio; flagello.	0				
Aquila	1				
Ritratti: Sant'Idelfonso.	1				
Animali: aquila.	1				
personaggi: Cristoforo Colombo	0				
abbigliamento: veste	1				
Cristo lava i piedi degli apostoli	1				
Personaggi: Madonna Immacolata. Figure: Santi. Simboli mariani:	0				
motivi decorativi vegetali con figure alate	0				
Figure femminili:	0				
Sogno di Giacobbe	1				
Cristo guarisce il paralitico di Cafarnao	1				
Personaggi: Madonna; San Giuseppe. Figure.	0				
Madonna in adorazione di Gesù Bambino	1				
Architetture: teatro. Allegorie-simboli: Fama.	1				
SANTA	1				
Susanna al bagno, Susanna e i vecchi	1				
Incontro di Maria Vergine e santa Elisabetta	1				
motivi decorativi a lacunari con festoni e cherubini	1				
Finte architetture con paesaggio	1				
Sant' Antonio abate	1				
VENERE CONSEGNA LE ARMI AD ENEA	1				
cacciagione morta con cesto	1				
SANTO STEFANO	1				
Decapitazione di San Giovanni Battista	1				
Santa Caterina d' Alessandria	1				
San Bonito	1				
Allegoria della Carità	1				
veduta di napoli dal parco grifeo	1				
veduta di Capodimonte	1				
San Matteo evangelista	1				
Dio Padre e angeli	1				
Maria Vergine accoglie sotto il manto santi carmelitani e il beato Simone	0				
santo carmelitano invoca la Madonna durante una battaglia	1				
San Fulgenzio	1				
san Vincenzo de Paoli	1				
cervo	1				
statua di imperatore romano	1				
ritratto di Traiano Boccalini	1				
ritratto di Carlo Alberto Bonasi	1				
santo certosino in adorazione della croce	1				
Madonna con Bambino tra San Bartolomeo e San Bruno	1				
Sant'Anna insegna a leggere a Maria Vergine	1				
PAESAGGIO CON LAVANDAIE	1				
paesaggio con Elia nel deserto nutrito dagli angeli	1				
SAN GIROLAMO PENITENTE	1				
motivi decorativi a grottesche; strumenti musicali	1				
Pace	1				
pastore con animali	1				
San Domenico	1				
CRISTO DERISO	1				
Ritratto di papa Clemente XII	1				
canonizzazione di San Domenico	1				
vocazione di San Matteo Evangelista	1				
Figure: putti. Frutti: melone. Segni zodiacali: Vergine; Sagittario. Decorazioni: volute; foglie di acanto. Paesaggi. Architetture: tempio. Oggetti: medaglione con ritratto di Lotario. Personificazioni: solstizio d'inverno/ figura virile.	0				
Cristo, Testa di Cristo	1				
Cimone e Ifigenia	1				
Ritratto di Tiziano Vecellio	1				
Ritratto di pittore veneto	1				
Allegoria della Vittoria come donna vestita all'antica	1				
"lettera ""D"",1
""ritratto d'uomo, Arabo"	1				
SPOSALIZIO DI MARIA VERGINE	1				
"lettera ""E"",1
lettera V.,1
SAN CRISTOFORO,1
allegoria della Vittoria che regge una fiaccola a fianco di un soldato morente appoggiato alla bandiera,0
fiori di ciliegio,1
SAN LUCA,1
stemma cardinalizio,1
Ritratto di papa Giulio II,1
San Macario di Bisanzio,1
San Giorgio uccide il drago e Santo guerriero,1
allegoria della Vittoria come donna vestita all' antica,1
allegoria della vittoria come donna armata; allegoria della morte del soldato,0
orso seduto,1
figura di soldato con allegoria della Vittoria; figura di soldato: fante,0
figura di soldato con allegoria della Patria,0
Figure maschili veterotestamentarie/ David con la testa di Golia/ Mosè/ Figura femminile veterotestamentaria/ Giuditta con la testa di Oloferne/ Giaele,0
motivi decorativi a volute con festoni di frutta,1
Figura allegorica femminile (Disprezzo del mondo ?),0
Testa di cavallo,1
San Michele Arcangelo pesa le anime,1
angelo reggitorcia,1
Sofocle,1
putto con vaso di fiori,1
allegoria della curiosità umana?,1
allegoria della vita umana?,1
Santo evangelist
"					
